Name,DOB,Gender,Aadhar_No,Father_Name,Address1,Address2,Address3,Address4,Address5
Latifi Nicolas,19/01/1995,Male,6622 2350 9284,Arun Sridhar,"942,21st Main Road","2nd Stage,Banashankari","Bangalore,530068",,
Gomati Ramanathan,5/9/1998,Female,2161 6729 3627  ,Dilip Gokhale,"2nd Floor,80 Feet Road","Near Big Bazaar,6th Block","Kathriguppe,3rd Stage","Banashankari,Bangalore",53006
Avanti Rout,26/08/1982,Male,8384 2795 9970,Deodan Patel,"1112,Next to KIMS Medical College","17th Cross,2nd Stage","Banashankari,Bangalore",530070,
Aruna Jha,10/11/2018,Female,6213 3631 4249,Mohan Khurana,"1st Floor,Annakuteera","3rd Stage,Banashankari","Bangalore,530071",,
Adhik Dara,21/04/1973,Male,1667 9750 5883,Chandraradj Sem,"10,3rd Floor","Lakshmi Associates,Gandhi Bazaar Main Road","Above Reliance Trends,Basavanagudi","Bangalore,530072",
Chanda Nagi,30/05/1971,Female,249 3285 1294,Karna Guha,"37,5-1","4th Floor,Bosco Court","Gandhi Bazaar Main Road,Basavanagudi","Bangalore,530073",
Karishma Wable,6/11/1995,Female,8580 3038 2541,Mahavir Rana,"19/1,New Timberyard Layout","Beside Satellite Bus Stop,Mysore Road","Bangalore,530074",,
Harshad Sarraf,8/4/2006,Female,3149 5544 800,Nitya Kannan,"2469,3rd Floor","24th Cross,Opposite BDA Complex","2nd Stage,Banashankari","Bangalore,530075",
Lakshman Yadav,10/8/1971,Female,2075 8515 6125,Madhavi Gara,"1,30th Main Road","3rd Stage,Banashankari","Bangalore,530076",,
Ajay Lall,14/11/2008,Female,2625 2331 7140,Abhilasha Patla,"2470,21 Main Road","25th Cross,Banashankari","Bangalore,530077",,
Bhavana Date,23/01/2002,Female,9621 6511 5606  ,Malati Batra,"12,29 Near PES University Back Gate","D'Souza Nagar,Hosakerehalli","3rd Stage,Banashankari","Bangalore,530078",
Mukesh Chacko,24/09/2009,Male,9899 6008 5332,Krishnaraja Ramaswamy,"941,3rd FLOOR","21st Main,22nd Cross","Banashankari 2nd stage,Opposite to BDA complex","Banashankari,530079",
Kshitij Vohra,9/6/2019,Male,3199 4778 9389,Minali Jayaraman,"6th Block,3rd Stage","Banashankari,Bangalore",530080,,
Dilip Barad,23/10/1972,Male,4658 6966 1990,Anila Thaman,"111,Sapphire Toys Building","100 Feet Ring Road,Banashankari","Bangalore,530081",,
Jeetendra Patil,17/07/2009,Female,4193 6111 819,Minali Prabhakar,"1112,Next to KIMS Medical College","17th Cross,2nd Stage","Banashankari,Bangalore",530082,
Manju Goyal,7/6/2007,Female,611 3211 9265,Ashok Dubey,"2303,21st Cross","K R Road,2nd Stage","Banashankari,Bangalore",530083,
Jagjit Nagarajan,18/10/1979,Male,1515 5551 5643,Jagannatha Deep,"241,4th Floor","100 Feet Ring Road,Opposite Kamakya Theatre","Banashankari,Bangalore",530084,
Gopal Raja,4/9/1987,Female,3684 6989 6402,Keshavan Toor,"405,24th Cross","9th Main,2nd Stage","Banashankari,Bangalore",530085,
Jagdish Narang,20/11/1998,Male,2498 2728 6494,Kanaman Shroff,"504,CJ Venkata Das Road","Padmanabhangar,2nd Stage","Banashankari,Bangalore",530086,
Drishti Bandi,13/12/1992,Male,9986 8228 9793,Kanta Raval,"47,48 &49","3Rd Floor,21st Main Road","2nd Stage,Banashankari","Bangalore,530087",
Girisha Nadig,20/09/2007,Male,5729 4446 3058  ,Dayanand Goel,"146,50 ft Road","3rd Phase,3rd Stage","Near Katriguppe Water Tank Circle,Banashankari","Bangalore,530088",
Manjusha Dugar,12/7/1990,Female,4573 9279 3235,Harsha Koshy,"3353,2nd Cross","Opposite Auden School,Hoskerehalli Cross","3rd Stage,Banashankari","Bangalore,530089",
Deodan Bora,21/01/1974,Male,3454 3811 1054,Itesh Kari,"SRF Complex,Near BDA Complex","Kathreguppe Main Road,Banashankari","Bangalore,530090",,
Aishwarya Dubey,22/04/2017,Female,6577 1342 0041  ,Girisha Maharaj,"224/Y,4th Phase","7th Block,100 Feet Ring Road","Near Kamakya Theatre,Banashankari","Bangalore,530091",
Aparajita Rege,9/1/1993,Male,730 2230 5301,Kausalya Kala,"775/1,Opposite Gupta Collage","7th Block,3rd Stage","Banashankari,Bangalore",530092,
Krishna Das,25/07/2009,Male,6394 7636 3284,Adhita Ratta,"101,Water Tank Road","2nd Block,3rd Stage","Banashankari,Bangalore",530093,
Mohan Kunda,18/03/1979,Female,5830 8497 2427  ,Dhaval Taneja,"27th Cross Rd,Banashankari Stage II","Banashankari,Bangalore",530094,,
Dipak Golla,27/11/1973,Female,3562 4645 2629  ,Manjika Bora,"1036,Srinidhi Plaza","3rd floor,Above Nilgiris","Stage 2,Banashankari","Bangalore,530095",
Aparajita Sem,18/01/1972,Male,4102 5454 0982  ,Gopalkrishna Mutti,"940,Shantha Complex","20th Main,2nd Stage","Banashankari,Bangalore",530096,
Kali Mani,8/9/1991,Male,6837 6877 7756  ,Leela Sathe,"112,Bull Temple Road","next to more Basavanagudi,Bangalore",530097,,
Jitinder Narain,13/10/2016,Male,5870 1801 7853,Mani Madan,"30,Surveyor Street","DVG Road,Basavanagudi","Bangalore,530098",,
Jayanta Luthra,8/7/1972,Female,8589 6282 5268,Manjula Kulkarni,"2/1,7th Main","Dwarakangar,Hosakeregalli","Banashankari,Bangalore",530099,
Kariyamna Swaminathan,6/5/1985,Female,3597 7125 2585  ,Kumari Memon,"101 Ground Floor,Manjunatha Complex","22nd Main Road,Banashankari","Bangalore,530100",,
Nidra Merchant,9/12/1982,Male,7950 1459 6537,Divya Prabhu,"101,Ground Floor","Manjunatha Complex,22nd Main Road","2nd Stage,Banashankari","Bangalore,530101",
Manisha Natarajan,28/06/1985,Female,3191 4360 1350,Narayana Gala,"80,BDA Complex","2nd Stage,Banashankari","Bangalore,530102",,
Jayanta lastname,26/07/2006,Male,5893 7378 2799  ,Nirmal Bhatia,"101,Ground Floor","Manjunatha Complex,22nd Main Road","2nd Stage,Banashankari","Bangalore,530103",
Malini Goyal,10/9/1994,Female,5383 9167 1172,LaÃƒÂ¯li Cherian,"32,7th Main Road","Dwaraka Nagar,Near PES College","Banashankari,Bangalore",530104,
Lalit Bhagat,21/05/2000,Female,1602 4374 7503,Kalika Meka,"8,2nd Floor","1st Main,Arush Trapeze","Mount Joy Road,Behind BMS College of Engineering","Hanumanthnagar,Banashankari","Bangalore,53010"
Gita Sehgal,12/3/1990,Male,4542 2314 475,Adita Sekhon,"4,Opposite NMKRV College","21st C Cross Road,3rd Block","Jayanagar,Bangalore",530106,
Mukesh Savant,14/05/2008,Male,5559 9426 3916  ,Laxman Sood,"556/A,Water Tank Road","3rd Stage,Banashankari","Bangalore,530107",,
Arya Srivastava,27/12/1980,Female,4409 9109 985,Arjuna Mukherjee,"39,3rd Main","4th Cross,Hanumanth Nagar","Near,Basavanagudi","Bangalore,530108",
Jiva Mishra,23/07/2021,Male,8730 5083 3227,Karuna Pingle,"Opp Vinayaka hospital,Near Seetha Circle","80 Feet Road,Banashankari","Bangalore,530109",,
Daya Magar,8/1/1985,Male,3300 931 8388,Chandrakant Dave,"2466,Bhaskar Grand Tower","24th Cross,Opposite BDA Complex","Banashankari,Bangalore",530110,
Narayan Kunda,27/05/2000,Female,2407 2148 7453  ,Anupam Dey,"645,1st Floor","24th Cross,24th Main","2nd Stage,Banashankari","Bangalore,530111",
Durga Sant,15/08/1981,Male,6316 5191 4857  ,Madhurya Venkataraman,"2469,3rd Floor","24th Cross,Opposite BDA Complex","2nd Stage,Banashankari","Bangalore,530112",
Dipika Yadav,18/06/1970,Male,5252 2107 8328,Chetan Sharma,"2nd Stage,Banashankari","Bangalore,530113",,,
Kalidasa Pai,3/11/1988,Male,7669 2182 5423,Jaswinder Kashyap,"1750,14th Main","Police Station Road,Kumaraswamy Layout","Bangalore,530114",,
Bhaskar Deshmukh,4/5/1985,Male,9376 9305 1251  ,Nandini Chandra,"1621,1st Floor","50 Feet Main Road,Kumaraswamy Layout","Bangalore,530115",,
Kumara Bhakta,24/10/2020,Female,8763 8304 84,Lilavati Nagy,"179,1st Floor","Jawarlalnehru Road,BEML Layout","Rajarajeshwari Nagar,Bangalore",530116,
Carpanin Chacko,4/9/1970,Male,4322 0446 4154  ,Gita Mand,"1607,Sagar Hospital Road","Near Dayanandasagar College,Kumaraswamy Layout","Bangalore,530117",,
Kumara Dhaliwal,14/10/2013,Female,8128 1396 7951,Carliaye Chanda,"276,Ground Floor","100 Feet Outer Ring Road,Banashankari 3rd Stage","Banashankari,Bangalore",530118,
Kalidasa Misra,7/2/1990,Male,2127 9469 1096  ,Lal Kothari,"1514,4th Cross","7th Main,RPC layout","2nd Stage,Vijay Nagar","Bangalore,530119",
Madhurya Mehrotra,17/05/1973,Female,5465 6320 5020,Drishti Soni,"808/6-1,24th A Cross","K.R Road,2nd Stage","Banashankari,Bangalore",530120,
Chandra Sidhu,27/07/1992,Female,2058 6244 7535,Avanti Mani,"178,Next To Old KEB Office","8th F Main Road,24b Cross","3rd Block,Jayanagar","Bangalore,530121",
Kumari Sridhar,5/11/1986,Female,5573 788 3571,Dharmaradj Kamdar,"78,21st Main Road","Near BDA Complex,2nd Stage","Banashankari,Bangalore",530122,
Deodan Krish,6/3/1977,Female,9533 6945 2700  ,Meena Jaggi,"10,Stavyah Arcade","3rd Floor 9th Main,Yarab Nagar Main Road","Banashankari,Bangalore",530123,
Aradhana Mand,29/06/1980,Male,8335 1786 6340  ,Geevarghese Goswami,"218/1,11th Main","50 Feet Road,Hanumanthnagar","Banashankari,Bangalore",530124,
Anima Choudhary,19/10/1983,Female,1833 7039 5808  ,Carma Prabhakar,"2466,Bhaskar Grand Tower","24th Cross,Opposite BDA Complex","Banashankari,Bangalore",530125,
Kashi Purohit,13/09/1970,Male,4504 5948 0441  ,Jaswinder Gopal,"484/A,1st Stage","2nd Block,4th Main Rd","SBM Colony,Seetha Circle","Banashankari,Bangalore",53012
Narayan Ray,23/07/1984,Male,1963 7906 6990,Mounoussamy Goel,"18,B K Complex","Opposite To BDA Complex,21st","Main Road,2nd Stage","Banashankari,Bangalore",53012
Kunti Khalsa,28/09/2004,Male,2627 6982 7928  ,Jyoti Kapoor,"942,3rd Floor","21st Main Road,2nd Stage","Banashankari,Bangalore",530128,
Amrita Prakash,13/11/1983,Male,3984 9662 8526,Kapil Verma,"1828,50 Feet Road","2nd Stage,Kumaraswamy Layout","Bangalore,530129",,
Mahesh Edwin,5/1/1995,Male,6907 9926 3070  ,Deodan Mukhopadhyay,"67,Kanasu Complex","Kubirmutt Road,Hunumathathangar","Basavanagudi,Bangalore",530130,
Ishvara Srinivasan,8/1/2012,Male,7780 5943 9354,Karlaye Dutt,"296,Ram Towers","100 Feet Ring Road,Banashankari","Bangalore,530131",,
Darshan Babu,12/5/1994,Female,8563 8585 3725  ,Kanti Chahal,"295/B,7th Main Road","100 Feet Ring Road,7th Block","3rd Stage,Banashankari","Bangalore,530132",
Jayant Peri,28/08/2015,Male,1647 2992 1592  ,Deepali Choudhry,"31,Opposite Vijaya College","RV Road,Basavanagudi","Bangalore,530133",,
DarmÃƒÂ¨sh Muni,10/1/1985,Male,6930 4090 7834,Anandita Nair,"30th Cross,8th Main","Near Jain Temple,4th Block","Jayanagar,Bangalore",530134,
Anjali Bajaj,25/10/1981,Male,6835 6406 520,Kamaradj Soni,"10,30th Main","Deve Gowda Petrol Bunk Road,3rd Stage","Banashankari,Bangalore",530135,
Geevarghese Sule,22/10/2012,Female,3629 4136 7657,Anand Bansal,"186,11th Main","4th Cross,Hanumanthnagar","Banashankari,Bangalore",530136,
Karna Sarna,13/08/2012,Male,4092 8390 1243,Narayana Anand,"59/3,Ground & First Floor","West Anjaneya Temple Road,Ward 49","Gandhi Bazaar,Basavanagudi","Bangalore,530137",
Lochana Dugal,15/07/1972,Male,9584 9201 9782,Ã¯Â»Â¿firstname Shukla,"101,Ground Floor","Manjunatha Complex,22nd Main Road","2nd Stage,Banashankari","Bangalore,530138",
Durga Gara,7/4/1978,Male,7480 6152 9092,Damodar Behl,"476,2nd Floor","9th Cross,Avalahalli BDA Park","BSK 3rd Stage,Banashankari","Bangalore,530139",
Jyotsna Savant,28/07/2011,Male,1528 4246 8748,Kartikeya Banik,"Opposite ICICi Bank,Hanuman Nagar","Banashankari,Bangalore",530140,,
Asha Chaudhry,29/11/1973,Male,6840 1550 7777  ,Kanchana Banik,"100 Feet Road,3rd Stage","Banashankari,Bangalore",530141,,
Duleep Dugar,11/8/2020,Male,1534 7393 0057  ,Inderpal Rao,"Shop 33 & 30,21st Main","Near BDA Complex,2nd Stage","Banashankari,Bangalore",530142,
Karlaye Minhas,6/12/1984,Female,7778 4411 5944,Jaidev Badal,"39,S B M Colony","Near-Sita Circle,1st Stage","Banashankari,Bengaluru",530143,
Inderpal Swamy,26/04/1994,Male,91 4838 4453,Aishwarya Natt,"49/1,Subbaraoshetty Road","Netkallappa Circle,Basavanagudi","Bangalore,530144",,
Jitender Bhatia,17/08/2003,Female,9851 2041 4147  ,Ishwari Kamdar,"16th Main Road,Near PESIT College","Banashankari,Bangalore",530145,,
Chandan Andra,4/12/2019,Female,2913 5645 7241,Karan Muni,"1430,22nd Cross","Next To Coffee Day,Near BDA Complex","Banashankari,Bangalore",530146,
Jayashri Karnik,24/01/1980,Male,3299 3885 7430  ,Agni Iyer,"727,23rd Cross","KR Road,2nd Stage","Banashankari,Bangalore",530147,
Indu Garde,3/3/1989,Female,396 6776 7816,Manju Bhatti,"36,2nd Main","RPC Layout,Vijay Nagar","Bangalore,530148",,
Harendra Rai,27/03/2018,Male,1684 464 4693,Brahma Sethi,"2477,24th Cross Road","Siddanna Layout,Stage 2","Banashankari,Bangalore",530149,
Deepali Ravi,13/07/2000,Male,1017 5029 5506  ,Nirmal Zacharia,"1142,22nd Cross","30th Main,Banashankari","Bangalore,530150",,
Dayanand Nagarajan,22/09/2020,Female,3697 3406 4364,Dipti Sekhon,"512,2nd Cross","3rd Stage,Banashankari","Bangalore,530151",,
Karuna Rao,20/05/1984,Female,4074 7372 991,Nala Chowdhury,"161/C,6th Main","80 Feet Road,Bhuvaneshwari Nagercoil","Banashankari,Bangalore",530152,
Chanemouga Murthy,10/5/1988,Male,4771 3176 8289,Nidra Mishra,"45/12,4th Cross","10th Main,Gururaja Layout","Banashankari,Bangalore",530153,
Neha Dhar,11/11/2017,Male,3492 5684 720,Kama Soni,"52,1st Floor","33rd Cross,4th Block","Jayanagar,Bangalore",530154,
Mahendra Agrawal,13/11/2018,Male,5057 4980 6731,Aparajita Vohra,"38,22nd Main","22nd Cross,Opposite BDA","2nd Stage,Banashankari","Bangalore,530155",
Ajay Sarkar,29/10/1978,Female,5335 1321 9289  ,Chandi Om,"1/34,3rd Cross Road","Kathriguppe IV Phase,Banashankari 3rd Stage","Banashankari,Bangalore",530156,
Avani Bhavsar,6/1/1996,Male,9615 7817 7604,Draupadi Tandon,"480/A,50 feet road","Nagendra block,Near PES College","Nagendra block,Banashankari","Bangalore,530157",
Jivan Rout,2/7/2008,Male,6790 0217 9540  ,Nirmal Yogi,"BDA Shopping Complex,24th Cross Road","Siddanna Layout,2nd Stage","Banashankari,Bangalore",530158,
Anjali Pingle,21/12/1986,Male,9233 7113 7861,Manisha Nair,"Shop 18,3rd cross road","Markandeya Layout,Banashankari","Bangalore,530159",,
Mohandas Bansal,24/06/1978,Female,2932 2136 8267,Kistna Chaudhry,"625,5th Cross Road","Hanumanthnagar,Banashankari","Bangalore,530160",,
Devi Raval,15/11/1973,Male,1314 2270 1803,Deepali Nayak,"941,21st Main Road","BSK 2nd Stage,Near BDA Complex","Banashankari,Bangalore",530161,
Lekha Kaul,15/09/2012,Female,7480 7932 9633  ,Jaywant Morar,"304,Opposite Apollo Public School","100 Feet Ring Road,4th Phase","7th Block,Banashankari 3rd Stage","Bangalore,",53016
Adhik Karnik,3/6/2021,Female,2010 1889 7684,Komari Krishnan,"3828,Near Deve Gowda Petrol Bunk","30th Cross,3rd Stage","Banashankari,Bangalore",530163,
Jiva Chaudhari,17/01/1987,Female,4391 3560 6883  ,Dipak Prasad,"50 Feet Road,Hanumanthanagar","Banashankari,Bangalore",530164,,
Esha Garde,9/10/1989,Male,3119 2063 6381,Amrita Sundaram,"34,22nd Main","22nd Cross,Opposite BDA","2nd Stage,Banashankari","Bangalore,530165",
Manju Bala,5/10/2006,Female,7754 8354 1074  ,Damayanti Dhillon,"24/1,23rd Cross","6th Main Road,Opposite Kaveri Grameena Bank","2nd Stage,Banashankari","Bangalore,530166",
Aradhana Meda,13/10/2009,Female,4219 1441 7663  ,Jivan Kari,"96,Opposite Jain Collage","Basavanagudi,Bangalore",530167,,
Carliaye Wadhwa,18/08/2007,Female,3172 755 1928,Carma Sachar,"2465,3rd Floor","Opposite BDA Complex,24th Cross","Banashankari,Bangalore",530168,
Gitika Garde,18/02/2009,Female,7073 7667 7567,Anish Manne,"295/A,7th Main road","7th Block,3rd Stage","Banashankari,Bangalore",530169,
Kichenin Lanka,28/09/2006,Female,7108 5237 4515  ,Arjun Sethi,"1189,10th Cross","Shankarnag Circle,1st Stage","2nd Block,Banashankari","Bangalore,530170",
Nitia Kashyap,27/10/2014,Male,2851 2310 3815,Komari Shere,"415,1st C Cross","Banashankari 3rd Stage,5th Block","Bangalore,Banashankari","Bangalore,530171",
KanyÃƒÂ¢-Koumari Nath,6/5/1982,Male,5107 7011 6413,Mira Verma,"101,Water Tank Road","2nd Block,3rd Stage","Banashankari,Bangalore",530172,
Abhay Gara,18/10/1974,Female,3133 9246 129,Mahavira Master,"27,80 Feet Road","Srinivasnagar,Banashankari","Bangalore,530173",,
Manjula Sarkar,16/07/1971,Male,0352 3443 0027  ,Drishti Amble,"Number 42,4th Block","6th Stage Banashankari,Vrishabhvachi Nagar","Opposite RV College of Architecture,Bangalore",530174,
Lakshmana Kaur,15/11/2013,Female,7583 1766 1567,Ishvara Raval,"1722,13th Main Road 31st Cross BSK","2nd Stage,Banashankari","Bangalore,530175",,
Anila Mehrotra,9/11/1972,Male,9120 2241 1404  ,Harish Sandal,"2,3rd Cross","Near Pesit College,Banashankari","Bangalore,530176",,
Madhu Oza,13/07/2002,Female,1534 8176 2966,Lalitha Patel,"8,Katriguppe Main Road","Vivekananda Nagar,3rd Stage","Banashankari,Bangalore",530177,
Govind Nagar,7/6/1998,Male,6989 4600 9333,Madhu Rana,"594,24 The Cross BSK","Opposte Oriental Bank,Banashankari","Bangalore,530178",,
Devdas Singhal,20/03/1978,Female,2010 105 9680,Devayanne Sachar,"7/1,Behind BMS College Hostel","80 Feet Road,1st Stage","Srinivas Nagar Bank Colony,Banashankari","Bangalore,530179",
Kariyamna Savant,11/4/2015,Male,6896 9082 602,Om Bahl,"3967,VHBC Society","Girinagar Phase 4,Hosekerehalli Mani Road","Banashankari 3rd Stage,Banashankari","Bangalore,530180",
Kajal Sani,2/9/2019,Female,7529 8921 3332  ,Manjika Singh,"Shop 25,1st Cross","50 Feet Main Road,Near BDA Park","Girinagar,Banashankari","Bangalore,530181",
Ananta-Sesa Sha,6/9/1986,Male,5699 2164 640,Dilip Devi,"Near Seetha Circle,Vivekananda Park Road","Girinagar,Banashankari","Bangalore,530182",,
Gitika Kamdar,17/09/2003,Female,6176 5363 3205  ,Kishan Anand,"41/10,Near PESIT Collage","8th Main Road,1st Cross","Dwarakanagar,Banashankari","Bangalore,530183",
Mahesh Subramanian,28/03/1985,Female,2358 9575 3996,Mahinder Sanghvi,"3148,2nd Cross","4th Phase Girinagar,Near Hosagarnahalli Cross","Banashankari,Bangalore",530184,
Ajith Dutt,27/01/1978,Female,5379 8523 2076,Dipika Mallick,"662,19th Main","Kidney Foundation,Padmanabhan Nagar","Banashankari,Bangalore",530185,
Arjuna Tiwari,30/01/2014,Female,8894 2780 1051,Jitendra Bora,"1189,9th Main","Ashok Nagar,Bank 1st Stage","Banashankari,Bangalore",530186,
Anuja Purohit,13/05/1974,Male,4369 352 8037,Jagdish Merchant,"27,27th Cross","2nd Stage,Banashankari","Bangalore,530187",,
Chanemougam Bandi,5/12/1971,Male,8348 7047 6746  ,Kishen Pillai,"4001/4002,Annapoorneshwari Plaza","Near Seetha Circle,Hosakerehalli Cross","Banashankari,Bangalore",530188,
Nikhila Sankaran,16/03/1981,Female,698 4539 5193,Kiran Madan,"89,Near PES College","22nd Main Road,Girinagar","1st Stage,Banashankari","Bangalore,530189",
Manisha Chauhan,24/01/1999,Female,8795 8320 3153,Deva Naidu,"10th Main,Hanumanthanagar","50 Feet Road,Phase 1","Banashankari,Bangalore",530190,
Leka Handa,22/06/2011,Male,554 2705 1732,Karlaye Amble,"68,Opposite ICICI Bank","21st Main Road,2nd Stage","Banashankari,Bangalore",530191,
Chanemouga Bhardwaj,4/8/1998,Female,6280 4115 0243  ,Mahendra Bhalla,"590,24th Cross","2nd Stage,Banashankari","Bangalore,530192",,
Narendra Savant,20/07/1999,Male,5011 1212 517,Kishore Kota,"346,7th Cross","8th Main Road,Padmanabham Nagar","Banashankari,Bangalore",530193,
Ishvara Wagle,5/4/2016,Female,5518 2372 4750,Jayanti Dixit,"17/1,Ramalh Garden","Kadieranahall Circle,Near Raghavendra Flour Mill","Dr Vishnuvardhan Main Road,BSK 2nd Stage","Banashankari,Bangalore",53019
Anant Kumer,9/2/2009,Female,5255 8331 4329  ,Manish Pau,"Padmanabhanagar,Banashankari","Bangalore,530195",,,
Lalitha Baria,20/06/2020,Female,7527 9690 3925,Kamala Ram,"29,5th Cross","Near PES College,100 Feet Road","Dwaraka Nager,Banashankari","Bangalore,530196",
Harisha Patel,9/6/1971,Female,754 7319 7326,Lalit Ganguly,"692,12th Cross","7th Block Kankapura Main Road,Banashankari","Bangalore,530197",,
Lochan Hora,20/05/1983,Male,8792 260 277,Kalinda Nazareth,"28,4th Cross Road","Dwaraka Nagar,Banashankari","Bengaluru,530198",,
Devi Virk,30/11/2011,Male,0410 0893 6192  ,Aniruddha Deol,"3/16,22 Main Road","Magenta Block,PES College","Road Bank Colony,Banashankari","Bangalore,530199",
Dharmaradj Boase,14/04/2017,Male,9993 5858 1242,Divya Kohli,"17/1,Ramaiah Garden","Kadirenahalli Circle,Dr Vishnuvardhan Main Road","2nd Stage,Banashankari","Bangalore,530200",
Gopika Yadav,4/4/2007,Male,318 8401 3864,Jayendra Wali,"2/1,7th Main","Dwarakangar,Banashankari","Bangalore,530201",,
Mahendra Jha,22/07/1976,Female,9375 7454 7491,Kapil Shetty,"487,Cauvery Complex","S.B.M Colony,80 Feet Road","Banashankri,Bangalore",530202,
Ajeet Gandhi,9/6/2003,Male,9993 2083 9108  ,Bhavana Patla,"10,4th cross","Muneshwara Block,Devinagar","Banashankari,Bangalore",530203,
Devika Pau,25/09/2020,Female,1130 1240 795,Jaywant Subramaniam,"559/1,Opposite Canara Bank ATM","Pipelane Road,Sri Nagar","Banashankari,Bengaluru",530204,
Kichenin Rao,25/02/1976,Male,8377 4634 1888,Kirti Oza,"263,3rd Main Road","Chikka Laksandra,Banashankari","Bangalore,530205",,
Mahavir Mehta,6/12/1987,Male,7860 7132 5921,Murali Pandey,"57,3rd cross","80 feet Road,Banashankari","Bangalore,530206",,
Kariyamna Sant,31/10/1995,Female,910 8382 6465,Kichenin Ghosh,"94,Katriguppe Main Road","Opposite Pai Showroom,Banashankari","Bangalore,530207",,
Kalinda Chand,16/08/1990,Male,6940 7740 6743,Kama Raman,"66,Benaka","2nd Cross,2nd Main","Kathriguppe East,3rd Stage","Banashankari,Bangalore",53020
Devaraja Zachariah,27/01/2001,Male,6682 7270 32,Devdan Yohannan,"617,100 Feet Ring Road Next to Devegowda Petrol Pump","Banashankari,Bangalore",530209,,
Lochana Halder,4/1/1985,Male,4109 9101 3459  ,Mogaya Johal,"209,5th Cross","AG Thaneerappa Road,1st Phase Girinagar","Ganapathi Nagar,Banashankari Stage I","Banashankari,Bengaluru",53021
Lekha Lalla,28/04/1978,Female,3977 5096 9096  ,Kamini Sani,"Bhuvaneshwari Nagar BSK 3RD Stage,Banashankari","Bangalore,530211",,,
Jiva Batta,23/06/2017,Male,76 5206 2207,Ila Rattan,"77,50 Ft Road","Hanumathnagara,Banashankari","Bangalore,530212",,
Indrajit Dutt,23/05/2004,Male,5640 4017 2597,Malini Dass,"21,80 Feet Road","3rd Phase,4th Block","3rd Stage,Banashankari","Bangalore,530213",
Dayanand Palla,16/09/1980,Female,721 5842 785,Anil Choudhury,"1,Near BDA Complex","24th Main,2nd Stage","Banashankari,Bangalore",530214,
Minakshi Butala,24/10/2008,Female,7130 1466 7510,Lochan Ray,"No.37,Shree Complex","Next to Dominoes Pizza,Bull temple Road","Basavanagudi,Bangalore",530215,
Govind Devi,1/1/2006,Female,5490 2308 1281,Karliaye Sastry,"155,43rd Cross Road","8th Block,Jayanagar","Bangalore,530216",,
Kala Bhavsar,21/07/1970,Male,3160 9635 1252  ,Leela Kuruvilla,"No.1585,22nd Main","Banashankari 1st Stage,530217",,,
Antrija Dayal,13/04/1976,Male,3467 5999 2890  ,Krishnin Buch,"39/1,R.V Road","Opposite Vijaya College,Basavanagudi","Bangalore,530218",,
Karan Chakraborty,13/02/2015,Male,8984 6304 184,Jaidev Sachar,"608,21st Cross","Kumaraswamy Layout,Bangalore",530219,,
Ankita Chowdhury,26/05/1970,Male,174 9718 5480,Jitendra Shenoy,"100 Feet Ring Road,2nd Phase","Banashankari,Bangalore",530220,,
Lallida Wason,22/02/1995,Female,2526 7790 928,Daya Mishra,"1,80 Feet Road","6th Block,3rd Stage","Banashankari,Bangalore",530221,
Nirmala Soman,4/1/1978,Male,5167 7064 6506,Chandan Sabharwal,"12,Banashankari","Bangalore,530222",,,
Kalika Parekh,28/04/1993,Male,2283 0565 1280  ,Darshan Madan,"1A/29,Shop 2","27th Cross,Jayanagar","Bangalore,530223",,
Kadrivel Jayaraman,19/10/2006,Female,8639 3240 1247,Krishnaraja Mehan,"153,Satellite Bus Stand","Byataranyapura,Mysore Road","Bangalore,530224",,
Kesavane Baral,1/10/1983,Male,6775 4587 3420,Abhay Menon,"Dayanand Sagar College Road,Kumaraswamy Layout","Bangalore,530225",,,
Amrit Nair,17/09/2012,Female,2879 524 1770,Ishvara Pau,"Basement,MR Complex","Near Police Station,25th Cross","14th Main,Kumaraswamy Layout","Bangalore,530226",
Manu Chakraborty,12/10/2012,Male,7316 3498 1187,Kirtida Kapoor,"28/29,9th Main Road","3rd Block,Jayanagar","Bangalore,530227",,
Isha Naidu,9/1/1991,Female,6503 5064 6941,Ajeet Bhagat,"11/2,Ground Floor","Khazi Street,Basavanagudi","Bangalore,530228",,
Bishen Char,10/12/1999,Female,4008 946 1624,Kishen Parsa,"4th Cross Road,Byatarayanapura","Srinagar,Banashankari","Bangalore,530229",,
Mitul Nazareth,29/11/2002,Male,7040 3461 6032,Dev Minhas,"28-29,3rd Block","9th Main Road,Jayanagar","Bangalore,530230",,
Jayanti Basu,28/07/1988,Male,5550 9324 6302,Chiranjeevi Kata,"92/1,Gandhi Bazaar Main Road","Basavangudi. Next to Vodafone Showroom,Basavanagudi","Bangalore,530231",,
Kanilja Mohanty,28/08/2002,Female,581 3937 1119,Baladeva Sahni,"615/1,Ground Floor","Janardhan Mansion,10th C Main","32nd D Cross,4th Block","Jayanagar,Bangalore",53023
Mahavir Upadhyay,5/9/2014,Male,1311 1271 9746  ,Indu Deo,"79,Vanivilas Road","Next to KFC,Basavanagudi","Bangalore,530233",,
Gowri Bhatti,23/02/1976,Female,3328 4078 2343,Gopika Thakur,"805,Ground Floor","35C Cross,9th Main","4th Block,Jayanagar","Bangalore,530234",
Laxman Gill,30/12/2007,Male,4294 7699 3657,Gitika Ranganathan,"1304,Kathriguppe Main Road","Ashok Nagar,NR Colony","Basavanagudi,Bangalore",530235,
Leela Chakrabarti,2/7/2002,Male,4812 9725 6974,Drishti Chakrabarti,"1761,Near Swathi Nursing Home","14th Main Road,1st Stage","Kumaraswamy Layout,Bangalore",530236,
Amita Mangal,8/6/2019,Male,2039 9920 7844,Madhur Gera,"374/B,2nd Phase","BSK 3rd Stage,Srinivasa Nagar","Banashankari,Bangalore",530237,
Kshitij Raj,10/8/1995,Female,2210 583 7929,Hamsa Basak,"582,2nd Main","6th Block 2nd Phase Banshankari 3rd Stage Bangalore-560085,530238",,,
Lila Swamy,2/1/1994,Female,2985 1219 2709,Adita Borah,"3-94/1,80 Feet Road","Near New Big Bazaar,Kathriguppe","Banashankari,Bangalore",530239,
Nala Bedi,17/01/1974,Male,9586 9642 94,Ajay Ganguly,"9/1,Behind BMS College Hostel","Hanumantha Nagar,Banashankari","Bangalore,530240",,
Mala Bail,25/06/2007,Female,6525 4959 8218,Nitin Mangal,"24,Next to Roti Ghar","Gandhi Bazaar Main Road,Basavanagudi","Bangalore,530241",,
Carpanin Biswas,18/12/2008,Male,5848 8308 1566,Dipa Shah,"Rashtriya Vidyalaya Road,Basavanagudi","Bangalore,530242",,,
Malati Bhatnagar,26/03/1977,Male,3006 1836 3816  ,Nala Pandit,"855/A,5th A Cross","10th Main Road,Srinivasanagar","Towords Maruthi Circle,Banashankari","Bangalore,530243",
Madhukar Tak,19/12/2010,Male,3167 0448 8399  ,Appassamy Aurora,"34,22nd Main","22nd Cross,Opposite BDA","2nd Stage,Banashankari","Bangalore,530244",
Drishti Din,4/8/2016,Female,0495 3110 5720  ,Laxmi Gaba,"11/2,Old Market","V V Puram,Basavanagudi","Bangalore,530245",,
Anantha Dugal,7/5/1977,Male,7819 1578 9154,Neha Bal,"1779,14th Main","Kumaraswamy Layout,Bangalore",530246,,
Kiran Malhotra,4/2/1977,Male,2535 4456 9447,Gopalkrishna Sehgal,"224/Y,100 Feet Ring Road","7th Block,3rd Stage","Banashankari,Bangalore",530247,
Niraj Shah,30/09/2018,Male,9699 743 3633,Jitinder Gera,"2,Old 36","8th F Main,3rd Block","Jayanagar,Bangalore",530248,
Anand Samra,12/4/1975,Female,6333 9773 3177,Kumara Keer,"766/25-01,47th A Cross","Near Sangam Circle,Adarsh Gardens Apartments Road","8th Block,Jayanagar","Bangalore,530249",
Anantee Chander,15/12/2003,Female,1706 9837 5455,Kishor Majumdar,"1766,14th Main","1st Stage,Kumaraswamy Layout","Bangalore,530250",,
Gopalkrishna Bawa,8/4/2016,Male,8772 914 3582,Lalita Mehra,"Opposite BNM School,Near BDA complex","Banashankari,Bangalore",530251,,
Kalyan Mital,20/11/1981,Male,200 4122 2775,Nataraj Wagle,"728/1,14th Main Road","1st Stage,Kumaraswamy Layout","Bangalore,530252",,
Jaswinder Korpal,7/3/2018,Female,4159 2290 4640  ,Brijesha Ramesh,"416,24th Cross","9th Main,2nd Stage","Banashankari,Bangalore",530253,
Mayur Doshi,22/11/2014,Male,414 1050 8200,Nagendra Gaba,"4009,80 Feet Road","4th Phase,Banashankari","Bangalore,530254",,
Jayant Nadig,14/10/2014,Female,2695 1325 4699  ,Devraj Ranganathan,"12,Old 387","Market Road,V.V.Puram","Basavanagudi,Bangalore",530255,
Aravind Swamy,25/10/2013,Female,5407 7366 9737  ,Chandi Bose,"6th C Main,4th Block","Jayanagar,Bangalore",530256,,
Ishwari Borah,21/08/2001,Male,9841 873 342,Anupam Kumar,"1771,14th Main Road","1stage,Kumaraswamy Layout","Bangalore,530257",,
Harsha Chada,11/6/1994,Male,8641 407 1061,Mala Bawa,"1424,14th Main Road","1st Stage,Kumaraswamy Layout","Bangalore,530258",,
Gotam Barad,9/1/2009,Female,865 397 5839,Gauri Sagar,"7/1,Behind BMS College Hostel","Hanumantha Nagar,Banashankari","Bangalore,530259",,
Kavi Kaul,25/05/2015,Male,8329 890 6463,Anand Singh,"19,V.V.puram National School Road","Basavanagudi,Bangalore",530260,,
Jitender Atwal,24/07/1982,Female,7475 3926 4439  ,Lakshmana Mani,"12,29 Near PES University Back Gate","D'Souza Nagar,Hosakerehalli","3rd Stage,Banashankari","Bangalore,530261",
Dipika Babu,23/11/2019,Female,1407 2378 8034,Karliaye Bhattacharyya,"1st Floor,GR Plaza","DVG Road,Near Gandhi Bazaar circle","Basavanagudi,Bangalore",530262,
Ashok Padmanabhan,12/3/1973,Male,6225 1859 3371  ,Bhaskar Parmar,"1763,Near Swathi Nursing Home","14th Main Road,1st Stage","Kumaraswamy Layout,Bangalore",530263,
Narayan Sheth,24/03/2002,Male,7791 6586 3010,Aditya Iyengar,"31/1,Puttalingaiah Road","Second Stage,Bangalore","Banashankari,Bangalore",530264,
Mayur Gulati,12/7/1990,Female,9706 6089 5363,Akhil Viswanathan,"80 Feet Road,Hosakerehalli Cross","B S K 3rd Stage,Banashankari","Bangalore,530265",,
Draupadi Sehgal,22/04/2016,Female,7831 6132 8100,Anuja Goyal,"17,Ground Floor","Near Big Bazar,100 Feet Ring Road","3rd Stage,Banashankari","Bangalore,530266",
Gopi Sule,25/07/1998,Male,1984 1800 5179,Bharat Lal,"146,50 ft Road","3rd Phase,3rd Stage","Near Katriguppe Water Tank Circle,Banashankari","Bangalore,530267",
Karuna Dewan,20/01/2011,Male,1708 2454 2950,Mahendra Yadav,"2469,21st Cross","Near BDA Complex,2nd Stage","Banashankari,Bangalore",530268,
Dilip Chaudhari,14/10/2002,Male,4625 9102 2255  ,Darshan Gera,"197/F,8th B Main","27th Cross,3rd Block","Jayanagar,Bangalore",530269,
Naouman Sibal,17/09/1994,Female,5139 5841 844,Kunal Golla,"26/3,Bugle Rock Road","Gandhi Bazaar,Basavanagudi","Bangalore,530270",,
Madhukar Master,29/06/1982,Female,5843 3868 2217,Nitika Chaudhry,"97,Opposite Jain College","Kavi Lakshmisha Road,VV Puram","Basavanagudi,Bangalore",530271,
Nila Rajagopalan,13/04/2003,Male,5728 5355 8771,Ananda Balay,"1/4,Nisha Complex","KR Road,Near National College","Basavanagudi,Bangalore",530272,
Darshan Gera,7/3/2011,Female,4756 8307 7470  ,Manjula Pandey,"9/63,1st C Main Road","Kathreguppe,Vivekananda Nagar","Banashankri,Bangalore",530273,
Anupama Malhotra,1/11/1997,Male,4817 8695 4237,Arun Kata,"1,Kathriguppe Main Road","3rd Stage,Banashankari","Bangalore,530274",,
Kailash Srivastava,15/04/2009,Female,7300 6464 9487,Nikhila Tak,"Cosmopolitan Club,22nd Cross","3rd Block,Jayanagar","Bangalore,530275",,
Karishma Bahl,28/07/1974,Male,6668 7309 2775,Aditya Parsa,"615/1,10th C Main","32nd Cross Road,Janardhan Mansion","4th Block,Jayanagar","Bangalore,530276",
Bhavani Mane,28/07/2004,Male,8718 7584 8374,Mukta Date,"1112,Next KIMS Medical College","17th Cross,2nd Stage","Banashankari,Bangalore",530277,
Dharma Ganguly,12/12/1983,Female,8007 9995 8809,Ajith Sethi,"1/2,Opposite Indian Oil Petrol Bunk","1st Cross,Kaderanhalli Crossroad","Subramanyapura Main Road,Padmanabhanagar","Uttarahalli,Bangalore",53027
Kevala Rege,8/5/2016,Male,2259 2924 4290  ,Indu Nagy,"Pavanashree Nilayam,7 Block","Banagirinagara,Banashankari","Bangalore,530279",,
Indrajit Mohanty,25/03/2001,Female,9466 1428 404,Harshal Kaur,"2470,21 Main Road","25th Cross,Banashankari","Bangalore,530280",,
Jyotsana Rout,17/02/2020,Female,2559 9479 0161  ,Mohinder Subramanian,"1328,50 Feet Main Road","1st Stage,Kumaraswamy Layout","Bangalore,530281",,
Anima Dasgupta,28/04/1992,Female,4877 7397 0264  ,Abhilasha Prashad,"31,2nd Cross","Teacher's Colony,JP Nagar Post","Dayanand College Road,Kumaraswamy Layout","Bangalore,530282",
Damayanti Kota,22/02/1991,Female,4515 8600 196,Jaywant Savant,"52,Dayanand Sagar College Road","Teachers Colony,Near ICICI Bank ATM","Bangalore East,Bangalore Urban Karnataka","Kumaraswamy Layout,Bangalore.",53028
Djayssen Dasgupta,26/12/1980,Male,7558 3396 7835,Devdan Kata,"84,Basavanagudi","Bangalore,530284",,,
Lila Lall,7/3/1997,Male,4309 1006 1022,Kanti Maharaj,"359/38,Next to Fabindia","7th Cross,1st Block","Jayanagar,Bangalore",530285,
Arya Brahmbhatt,27/07/1987,Female,8183 6611 2333,Kasi Goyal,"Shop 197,Ground Floor","Gokul Niwas,North Main Road","Rajyotsavanagar,2nd Stage","Kumaraswamy Layout,Bangalore",53028
Gopinath Hora,17/07/2003,Male,1528 7143 8147,Damayanti Batra,"415,9th Main","24th Cross,2nd Stage","Banashankari,Bangalore",530287,
Nila Hans,2/1/1970,Male,1671 5259 2088,Chandan Narasimhan,"433/30/1,28th Cross","10th Main,Opposite BDA Complex","4th Block,Jayanagar","Bangalore,530288",
Nikhila Nagi,19/11/2004,Male,5392 1349 3219,Gita Modi,"382/71/4,11th Main","3rd Block,Jayanagar","Bangalore,530289",,
Inderjit Kari,22/01/1994,Male,5854 0889 7859  ,Kirtida Andra,"54,Sri Durga Avenue","3rd Floor,33rd Cross Road","Opp. Navarathan,Jewe","Jayanagar,Bangalore",53029
Darshan Devan,17/06/1970,Male,333 3057 1747,Devraj Biswas,"2nd Floor,Garla Garnet","9th Main,4th Block","Jayanagar,Bangalore",530291,
Kunti Pathak,25/03/1998,Male,6871 4972 2321,Madhavi Narayanan,"126,Near Ganesha Temple","7th Main,4th Block","Jayanagar,Bangalore",530292,
Hamsa Zacharia,19/10/2012,Male,12 8767 1491,Madhavi Cheema,"6,Shakambari Nagar","1st stage,JP Nagar","Bangalore,530293",,
Madhur Dass,4/1/1996,Male,1572 4388 386,Keshava Mehan,"81,36th Cross Road","5th Block,Jayanagar","Bangalore,530294",,
Minatchy Setty,2/7/1970,Male,5186 3381 2552,Abha Master,"616/2,31st Cross","10th A Main Road,4th block","Jayanagar,Bangalore",530295,
Chandan Dugar,3/4/2004,Female,6287 5399 4901,Kama Purohit,"66/1,Kanakpura Road","Basavanagudi,Bangalore",530296,,
Akanksha Natarajan,13/11/2004,Female,636 4835 7652,Kumar Sankar,"173,DSI college Road","Kumaraswamy Layout,Bangalore",530297,,
Hamsa Oommen,13/10/1999,Female,1055 9102 5309  ,Keshava Malhotra,"112,Bull Temple Road","next to more Basavanagudi,Bangalore",530298,,
Lakshman Choudhary,28/07/1978,Male,2478 1198 6101,Carliaye Mangat,"1,Corporation Market","Gandhi Bazar,Basavanagudi","Bangalore,530299",,
Kishore Khurana,30/03/1992,Male,3518 9050 1537,Adita Mehrotra,"58,Surveyor Street","Basavanagudi,Bangalore",530300,,
Nil Tata,15/07/2020,Female,2843 1436 0824  ,Isha Sen,"1,24th Main Rd","1st Phase,Girinagar","KR Layout,Muneshwara T-Block","JP Nagar,Bangalore",53030
Govinda Sinha,19/09/1999,Female,1030 1399 722,Kunala Kohli,"Satellite Bus Stand,KSRTC","Mysore Road,Bangalore",530302,,
Minali Ranganathan,20/02/1982,Female,9349 5425 9370  ,Laxmi Shah,"5,Mallariah Complex","Near Corporation Bank,Gandhi Nagar","Basavanagudi,Bangalore",530303,
Kasi Ramanathan,22/12/1991,Female,6760 668 6928,Gotama Gour,"144/1,2nd Main Road","2nd Block,Thyagaraja Nagar","Basavanagudi,Bangalore",530304,
Inderpal Chauhan,14/08/1980,Female,6170 8875 869,Mukul Din,"60/1,East Anjaneya Temple Road","Basavanagudi,Bangalore",530305,,
Mohandas Rai,10/8/1999,Male,8841 4859 9031,Jayendra Prakash,"3/1,Opposite Krishna Rao Park","Kanakapura Road,Basavanagudi","Bangalore,530306",,
Anima Kunda,4/12/2008,Male,8281 4374 4534,Anish Cherian,"19/1,New Timberyard Layout","Beside Satellite Bus Stop,Mysore Road","Bangalore,530307",,
Lallida Choudhury,11/1/1990,Male,1496 4355 2356  ,Chitra Sekhon,"335,KR Road","Shastri Nagar,Yediyur","Jayanagar,Bangalore",530308,
Arjuna Thakkar,22/02/1988,Male,348 785 8542,Amit Borah,"1/A,3rd Main","7th Cross,Kattebalag","Narasimharaja Colony,Basavanagudi","Bangalore,530309",
Djayssen Prabhakar,15/09/2002,Male,6126 0366 7027  ,Jayani Mehrotra,"39/4,North Anjaneya Temple Street","Basavanagudi,Bangalore",530310,,
Mohinder Suresh,4/2/2005,Male,5078 1030 2421,Dipaka Basak,"Chikkalasandra,Near Ashwathkatte Ganesha Temple","Opposite Dominic School,Uttarahalli","Bangalore,530311",,
Harendra Goyal,22/10/1993,Male,2212 5593 6801,Ganesh Prabhakar,"164/B,24th Cross","6th Block Yediyur,Jayanagar","Bangalore,530312",,
Akanksha Kapoor,12/6/1980,Male,5248 1255 3168  ,Chitra Shroff,"9,Canara Bank Colony","Opposite Chikkalsandra Post Office,Main Road","Uttarahalli,Bangalore",530313,
Gopala Manda,17/11/1986,Male,8618 910 4488,Divya Shroff,"1108/1,9th Main Road","4th Cross,Hampinagar","Vijay Nagar,Bangalore","Bengaluru,530314",
Lalita Merchant,14/08/2021,Female,2492 7169 5851,Kasi Dutta,"Sri Balaji Complex,339/3","Kuvempu Nagar,Next to Bus Stand","Mysore Road,Bangalore",530315,
Inderjit Mann,15/01/2021,Male,5448 8172 271,Deepti Bir,"609,10th A Main Road","4th Block,Jayanagar","Bangalore,530316",,
Nandini Sampath,3/6/1975,Female,5805 6010 2842  ,Ganapati Barman,"121,DVG Road","R.M Complex,Basavanagudi","Bangalore,530317",,
Narayana Taneja,19/02/2019,Male,6782 2899 9453  ,Chandana Sibal,"119,5th Cross","Teachers Colony,Kumaraswamy Layout","Bangalore,530318",,
Darshan Barman,19/06/1993,Male,8430 5387 2306,Ankita Kari,"186,16th Main","24th Cross,2nd Stage","Banashankari,Bangalore",530319,
Gautama Bajwa,16/11/1972,Female,5992 3472 9029,Ankita Chakraborty,"139,Behind Police Station","72nd Cross,Kumaraswamy Layout","Bangalore,530320",,
Harendra Cheema,25/11/1983,Male,6809 5511 1010,Kishor Gopal,"22nd Cross,New Diagonal Road","Opposite N MKRV Womens College,3rd Block","Jayanagar,Bangalore",530321,
Nirmal Kumer,14/08/1991,Male,7985 5061 9139  ,Anil Bhargava,"28th Main,8th Block","Jayanagar,Bangalore",530322,,
Govinden Karan,26/09/2012,Male,472 9843 8203,Mahesh Khanna,"153,Satellite Bus Stand","Byataranyapura,Mysore Road","Bangalore,530323",,
Mukesh Mand,9/5/1982,Male,2191 2841 9816,Bala Keer,"Next To BMTC Bus Stand,Banashankari","Bangalore,530324",,,
Ilanila Nadig,4/8/1980,Female,2270 9173 7914,Chetan Setty,"37,5-1","4th Floor,Bosco Court","Gandhi Bazaar Main Road,Basavanagudi","Bangalore,530325",
Kariyamna Oak,29/07/1987,Female,6478 3836 4592,Mala Kulkarni,"376,1st Floor","Tripura Arcade,MK Puttalingaiah Road","Above SBI Bank,Banashankari","Bangalore,530326",
Kaur Sodhi,7/10/1994,Female,2400 9898 4384,Bharata Dhingra,"632/A,24th Cross","2nd Stage,Banashankari","Bangalore,530327",,
Deo Patil,20/05/1989,Male,6475 3078 9613,Mukesh Brar,"13,27th B Cross","10th Main,Opposite BWSSB Water Tank","Geetha Colony,4th Block","Jayanagar,Bangalore",53032
Kavi Mangal,27/03/1986,Female,2934 4632 1001  ,Keshavan Agrawal,"1779,14th Main","Kumaraswamy Layout,Bangalore",530329,,
Damayandi Peri,19/01/1980,Female,9148 452 3667,Jagannath Sandhu,"126,Opposite Police Station","7th Main,4th Block","Jayanagar,Bangalore",530330,
Nagendra Saha,6/7/1987,Female,3830 4217 9572,Nithya Bhatia,"2/1,7th Main","Dwarakangar Hosakerehalli,Banashankari","Bangalore,530331",,
Kama Sha,5/3/2018,Male,2427 5000 5663,Nirav Yadav,"9/2,South End Main Road","Next to Surana College,Basavanagudi","Bangalore,530332",,
Bharat Menon,4/2/2005,Female,7505 204 550,Arjun Ganesh,"11/4,Old Market Road","V V Puram,Basavanagudi","Bangalore,530333",,
Indrani Solanki,12/8/2008,Male,511 9423 9106,Devika Gade,"433/30/1,10th Main","28th A cross,4th Block","Jayanagar,Bangalore",530334,
Kishori Samra,17/01/1989,Female,9376 9261 8312,Adesh Narain,"14/38,Shivakrupa","1st Model House Street,Near Nagasnadra Circle","DVG Road,Basavanagudi","Bangalore,530335",
Gopinatha Jaggi,24/08/1992,Male,6976 6512 3852,Jayanta Shankar,"224/Y,4th Phase","7th Block,100 Feet Ring Road","Near Kamakya Theatre,Banashankari","Bangalore,530336",
Lata Ramachandran,20/10/1981,Female,1692 5339 5240  ,Ajeet Gera,"147,27th Cross","3rd Main,6th Block","Yediyur,Jayanagar","Bangalore,530337",
Kausalya Ravi,2/1/1996,Male,6924 7691 1919,Govind Krishna,"202F,27th Cross Road","Opposite Sapna Book House,Jayanagar","Bangalore,530338",,
Mounoussamy Mohanty,3/5/2019,Male,4946 3612 1270,Nirupama Saxena,"2,Ashoka Pillar Circle","2nd Block,Jayanagar","Bangalore,530339",,
Ashoka Iyengar,4/1/1971,Male,2745 4407 9905,Ashoka Rai,"1349,4th Cross Road","Kilkodungalur,RPC Layout","Vijay Nagar,Bangalore",530340,
Chiranjeevi Sunder,17/08/1980,Male,4018 567 7358,Manu Sinha,"2466,24th Cross Road","Siddanna Layout,Stage II","Banashankari,Bangalore",530341,
Darshan Naidu,2/4/1980,Female,57 1366 2935,Kalidasa Chauhan,"412,1st Cross","Vidyapeeta Road,3rd Stage","Banashankari,Bangalore",530342,
Dourgavati Dixit,13/05/2016,Male,2856 7684 3170,Jarita Mukhopadhyay,"43/2,100 Feet Road","Kamakya Complex,3rd Stage","Banashankari,Bangalore",530343,
Ananta Prabhu,13/10/1971,Female,6728 6311 4872,Karliaye Chatterjee,"14/1,8th Fmain","3rd Block,Jayanagar","Bangalore,530344",,
LaÃƒÂ¯li Raghavan,1/11/2005,Male,7272 3720 5883,Jiva Doctor,"Near dayananda sagar college kumarswamy layout,530345",,,,
Kapila Mand,15/07/2017,Female,7689 8590 6637,Nikhila Banerjee,"The President Hotel,79/8","Diagonal Road,3rd Block","Jayanagar,Bangalore",530346,
Mahavira Bajaj,30/07/1973,Male,8979 9567 2344  ,Deo Korpal,"2303,21st Cross","K R Road,2nd Stage","Banashankari,Bangalore",530347,
Kanchana Sibal,17/05/2020,Male,8969 1693 1919,Amita Banik,"#72,3rd Cross DSI Road","Teachers Colony,Kumaraswamy Layout","Bangalore,530348",,
Jyotsna Balay,8/2/1973,Male,1114 9048 1009,Mukta Sagar,"8/10,Subramanyapura Main Road","Near Royal Mart,Uttarahalli","Bangalore,530349",,
Gautam Varghese,10/3/2013,Female,6881 9754 4366  ,Lallida Bandi,"287,1st Floor","7th Block,100 Feet Ring Road","Phase 4,Banashankari","Bangalore,530350",
Brijesha Bhakta,11/9/1990,Female,2154 3446 5435  ,Carpanin Nayak,"23/1,Shop Street Road","Basavanagudi,Bangalore",530351,,
Lutchmayah Ratta,25/10/1972,Female,9198 3630 902,Harisha Kothari,"1st Main Road,Near Katte Balaga","NR Colony,Basavanagudi","Bangalore,530352",,
Gitika Lata,19/02/2010,Male,5162 5186 9725  ,Jagjit Khare,"63,18th Cross","3rd Block,Jayanagar","Bangalore,530353",,
Indrajit Garg,4/4/2006,Female,5193 9845 3122,Duleep Vaidya,"24,Subramaniapura Main Road","Uttarahalli,Bangalore",530354,,
Mitul Luthra,21/08/2020,Male,7137 4927 3245  ,Adita Handa,"Next To Surana College,South End Circle","Basavanagudi,Bangalore",530355,,
Jagjit Gour,5/1/1992,Male,3056 1183 4678  ,Lallida Chakraborty,"318,Old market Road V.V.Puram","Basavanagudi,Bangalore",530356,,
Murali Sunder,8/7/2004,Female,0125 4210 4376  ,Neela Kant,"Near Metro Station R.v.Road,Basavanagudi","Bangalore,530357",,,
Madhurya Bhasin,30/08/2017,Female,1326 164 7211,Gayatri Krishnamurthy,"234,32 A Cross","2nd Main Road,7th Block","Jayanagar,Bangalore",530358,
Bhavana Tank,15/08/2010,Male,2254 769 7525,Nirav Naik,"63/2,8th Main","18th Cross,3rd Block","Jayanagar,Bangalore",530359,
Minali Halder,4/1/2017,Male,1525 5594 5100  ,Anupam Bhatnagar,"1,5th Main Road","Bull Temple Road,Basavanagudi","Bangalore,530360",,
Mohandas Koshy,20/09/2009,Male,9785 4129 673,Kiran Oza,"3353,2nd Cross","Opposite Auden School,Hoskerehalli Cross","3rd Stage,Banashankari","Bangalore,530361",
Narayana Goda,18/02/2009,Male,1596 3201 2296,Kaur Radhakrishnan,"81,East Anjaneya Street","NR Colony,Near Basavanagudi","Basavanagudi,Bangalore",530362,
Kailash Kurian,28/09/1983,Female,3301 5258 4847,Gobind Rama,"36/1,27th Cross","4th Block,Jayanagar","Bangalore,530363",,
Jayani Wable,18/06/1990,Female,3976 1262 1688,Chandi Chanda,"13,32nd Cross","7th Block,Jayanagar","Bangalore,530364",,
Aditi Rajan,30/09/2009,Male,7078 6053 6469  ,Buddha Chand,"6th Block,3rd Stage","Banashankari,Bangalore",530365,,
Kanchana Patla,19/06/1995,Male,2065 1200 2376,Kamala Bhatnagar,"137/4,8th Main Road","27th Cross,Jayanagar","Bangalore,530366",,
Archana Dhillon,2/12/2009,Male,5770 3361 788,Karna Sridhar,"2nd Floor,80 Feet Road","Near Big Bazaar,6th Block","Kathriguppe,3rd Stage","Banashankari,Bangalore",53036
Keshavan Vala,13/04/2003,Male,5904 8895 7368  ,Mukesha Wagle,"27,Gandhi Bazaar Main Rd","Basavanagudi,Bangalore",530368,,
Mohana Bobal,25/05/1974,Male,4529 2191 8190,Hamsa Wable,"Shubashree Complex,50 Feet Road","1st Stage,Hanumanthanagar","Near Girinagar,Banashankari","Bangalore,530369",
Ladha Krishnan,28/11/2007,Male,5710 1315 2609,Nirmal Butala,"78,Nagendra Block","Giri Nagar,II Phase","Banashankari,Bangalore",530370,
Laxman Barad,10/5/1978,Male,711 4652 8477,Neelam Kata,"1890,Shetty Gardenia","9th Main,Kaverinagar","2nd Stage,Banashankari","Bangalore,530371",
Madhukar Jaggi,14/11/1992,Female,1516 4314 6801,Devmani Dar,"1328,50 Feet Road","Stage 1,Kumaraswamy Layout","Bangalore,530372",,
Ajit Roy,8/3/1971,Female,4134 510 2432,Ninad Dhaliwal,"23,Kanakapura Road","Near SRS Petrol Pump,Lalbagh West Gate","Basavanagudi,Bangalore",530373,
Kirtida Sandal,20/08/2015,Female,5031 3031 689,Arya Zacharia,"52,Dayanad Sagar","College Road,Teachers Colony","Kumaraswamy Layout,Bangalore",530374,
Nagendra Handa,29/01/2019,Female,1062 1482 4347,Lutchmayah Saxena,"1,30th Main Road","3rd Stage,Banashankari","Bangalore,530375",,
Harshad Kurian,11/12/2018,Male,9481 595 2911,Minakshi Badami,"534,49th Cross","50 Feet Road,Kumaraswamy Layout","Bangalore,530376",,
Ananta-Sesa Johal,9/2/2000,Female,5384 2305 2735  ,Ananth Meka,"23,7th Main","KSRTC Layout,Chikkalsandra","Main Road,Uttarahalli","Bangalore,530377",
Darshan Kapadia,28/06/1985,Female,7559 9014 7671,Kumar Bhakta,"241,4th Floor","100 Feet Ring Road,Opposite Kamakya Theatre","Banashankari,Bangalore",530378,
Jagannatha Dayal,7/3/1984,Male,1407 5789 0728  ,Gayatri Mitra,"1112,30th Main","Teachers Layout,Next to SBI Bank","3rd Stage,Banashankari","Bangalore,530379",
Kalidas Krishna,15/11/2011,Female,1182 1592 9829,Aradhana Dave,"2nd Cross,JHBCS Layout","Kumaraswamy Layout,Bangalore",530380,,
Neela Bala,25/10/1980,Female,8117 5760 1009,Lajili Handa,"186,24th Cross","2nd Stage,Banashankari","Bangalore,530381",,
Nirav Barad,4/2/1997,Male,4498 2276 5825,Kalyana-ShraddhÃƒÂ¢ Ramaswamy,"8th Main Road,Remco Bhel Layout","Ideal Homes Township,Rajarajeshwari Nagar","Bengaluru,530382",,
Aravind Chhabra,2/6/2010,Male,8728 322 1297,Jyotsana Bhalla,"Pai Viceroy,1504","16th Cross,9th Main","3rd Block,Jayanagar","Bangalore,530383",
Narendra Dugal,16/03/2004,Female,1183 7597 9828  ,Kunti Bose,"2465,2nd Floor","Opposite BDA Complex,24th Cross","2nd Stage,Banashankari","Bangalore,530384",
Ananden Patla,16/09/2012,Female,3196 6178 9276,Madhav Agarwal,"30,8th F Main Road","Jayanagar,Bangalore",530385,,
Akanksha Edwin,15/09/1979,Male,5051 4235 7445,Anandi Ram,"2,Subramanyapura","Kadirenahalli Overbridge Junction,2nd Stage","Banashankari,Bangalore",530386,
Archana Badami,10/7/1978,Male,5067 5970 3173  ,Nitin Chaudhari,"278,37th A Cross","2nd Main,8th Block","Jayanagar,Bangalore",530387,
Abha Misra,11/5/1986,Female,6940 7749 8820,Madhava Nath,"17,Bull Temple","Road,Basavanagudi","Bangalore,530388",,
Jyotsna Kalita,20/08/2002,Male,4385 3436 3889  ,Mukta Sha,"1328,50 Feet Road","Kumaraswamy Layout,Bangalore",530389,,
Duleep Murty,16/02/1972,Female,8930 3239 6578,Devdas Atwal,"599,24th Cross","2nd Stage,Banashankari","Bangalore,530390",,
Nitya Singhal,24/03/1977,Male,689 2821 1586,Arundhati Karnik,"671,45th Cross","8th Block,Near Metro Pillar EP 22","Jayanagar,Bangalore",530391,
Meera Sethi,15/01/1979,Male,146 1036 5067,Aditya Rout,"644,1 B","Main Road,Kanakapura Road","8th Block,Jayanagar","Bangalore,530392",
Harishankar Tripathi,28/06/1974,Female,8404 701 8995,Damayanti Cherian,"23/35,7th Cross","Dwarakanagar,Hosakerhalli","Banashankari,Bangalore",530393,
Devdas Nair,30/06/2007,Male,8556 9082 0047  ,Govinden Varma,"30,7th Cross","Dwaraka Nagar,Banashankari","Bangalore,530394",,
Gopika Deol,20/07/1989,Female,4947 3504 8701  ,Archana Narayan,"940,20th Main","Opposite South Entrance,BDA Complex","Banashankari,Bangalore",530395,
Amrita Warrior,27/10/1986,Female,1550 2067 1428  ,Dalini Chhabra,"Sri Chakravarthi Complex,Sajjan Rao Circle","V.V. Puram,Basavanagudi","Bangalore,530396",,
Narayan Garg,26/11/2007,Female,4884 7578 9034,Kishen Pradhan,"45,6th C Main Road","4th Block,Jayanagar","Bangalore,530397",,
Nitika Sinha,1/5/2015,Male,8807 4013 9089,Kumar Nayak,"269,JHBCS Layout","2nd Main Road,Teacher's Colony","Kumaraswamy Layout,Bangalore",530398,
Lallida Rajagopal,18/11/1979,Male,7432 109 7046,Anjali Peri,"344,50 Feet Road","Dasarhalli,Srinagar","Banashankari,Bangalore",530399,
Gopal Swamy,4/7/2002,Female,806 7569 8598,Keya Dhingra,"278,34th Cross Road","4th Block,Jayanagar","Bangalore,530400",,
Krishnin Dara,16/08/1999,Male,1071 6554 4497,Bhaskara Deo,"1616,50 Feet Main Road","1st Stage,Kumaraswamy Layout","Bangalore,530401",,
Godavari Sandal,15/05/2017,Female,375 6461 9073,Nirupama Mital,"22,2nd Main Road","National College Road,7th Block","Jayanagar,Bangalore",530402,
Dipika Verma,26/12/1992,Female,5068 2570 5929,Nala Chakrabarti,"146,6th C Main Road","1st Block,Jayanagar","Bangalore,530403",,
Ananda Sagar,5/9/1994,Male,2254 1121 6395,Jarita Soni,"405,24th Cross","9th Main,2nd Stage","Banashankari,Bangalore",530404,
Mukesha Pillay,23/01/2011,Male,9838 8562 5950,Damayandi Bala,"54,Rashtriya Vidyalaya Road","2nd Block,Basavanagudi","Bangalore,530405",,
Mogaya Munshi,14/03/1994,Male,4907 6840 937,Kaveri Mall,"34/1,2nd & 3rd Floor","36th Cross,6th Main","4th Block,Jayanagar","Bangalore,530406",
Harisha Sandal,27/02/1988,Female,5770 3271 2127,Ajit Gera,"183/28,2nd Main Road","36th B Cross,7th Block","Jayanagar,Bangalore",530407,
Jarita Sidhu,14/10/1993,Male,7251 182 357,Jiva Sarna,"60/2,Sajjan Rao Circle","V V Puram,Basavanagudi","Bangalore,530408",,
Mani Koshy,7/5/2020,Male,4719 9733 2427  ,Abha Garde,"12,Ground Floor","R V Road,Near Southend Metro Station","Basavanagudi,Bangalore",530409,
Koumari Desai,8/10/2003,Male,1965 8145 7870,Gowri Chaudhari,"49,South End Road","Nagasandra Circle,Basavanagudi","Bangalore,530410",,
Ila Mahal,8/4/2017,Male,5531 6627 3485,Kessavamohane Mani,"91/1,Ganesh Mahal Building","Sirsi Road,Chamarajpet","Basavanagudi,Bangalore",530411,
Ilango Kala,13/08/2012,Female,2079 9459 4087,Kumaren Sarma,"Jain Temple Street,V.V.Puram","Basavanagudi,Bangalore",530412,,
Kalyan Meka,4/8/2009,Male,9788 3689 7999,Anandi Ratti,"27th Cross Rd,Banashankari Stage II","Banashankari,Bangalore",530413,,
Malini Kalita,27/01/2012,Female,1979 6092 1630  ,Niraj Dugal,"21,National High School Road","VV Puram,Basavanagudi","Bangalore,530414",,
Cooldeepac Bedi,22/02/1976,Male,6466 7054 6193  ,Godavari Aurora,"11/3,Old Market Road","V V Puram,Basavanagudi","Bangalore,530415",,
Divya Shukla,13/10/1978,Male,6635 5336 9010,Chetan Sahota,"22nd Cross,22nd Main Road","2nd Stage,Near BDA Complex","Banashankari,Bangalore",530416,
Lakshman Maharaj,30/11/2015,Male,9405 3880 9728,Murugan Amble,"198,2nd Block","3rd Stage,Outer Ring Road","Banashankari,Bangalore",530417,
Lata Chaudhari,16/01/1976,Male,5921 7436 6403  ,Agni Sangha,"63,1st Floor","Kanakapura Road,Basavanagudi","Bangalore,530418",,
Madhurya Parsa,3/9/2001,Male,7399 6375 804,Dourgavati Varty,"27,27th Cross","1st Floor,Kadamba Complex","2nd Stage,Banashankari","Bangalore,530419",
Jaidev Agate,22/05/2012,Female,9587 9568 1891,Madhukar Rama,"1111,Near KIMS","30th Main Road,Siddanna Layout","Stage 2,Banashankari","Bangalore,530420",
Drishti Chakrabarti,12/3/1991,Female,0282 6751 7873  ,Dipti Sodhi,"Dayanandasagar College Road,Teachers Colony","Kumaraswamy Layout,Bangalore",530421,,
Maninder Warrior,3/8/2002,Male,133 2090 2280,Nataraj Lad,"D/25,2nd Main","260 Mysore Road Tollgate,Opposite Gopalan Mall","Mysore Road,Bangalore",530422,
Govinda Rai,25/12/1974,Female,2359 3513 8749  ,Dayaram Boase,"75,21st Main Road","Siddanna Layout,2nd Stage","Banashankari,Bangalore",530423,
Devayanne Bal,28/02/2005,Male,9519 8896 4510  ,Geeta Om,"272,14th Cross Road","Yediyur,Jayanagar","Bangalore,530424",,
Lochan Som,17/05/1974,Female,4591 1797 7845,Narinder Jha,"15,1st Main","Kariyappa Road,Basavanagudi","Bangalore,530425",,
Damodar Varughese,17/08/1990,Male,8195 2967 0400  ,Carpanin Kota,"742,50 Feet Rd","Raghavendra Block,Banashankari 3rd Stage","Banashankari,Bangalore",530426,
Kamaradj Panchal,7/5/1979,Male,171 4251 583,Duleep Nayak,"50/51,8th F Main","3rd Block,Jayanagar","Bangalore,530427",,
Damodara Ganguly,2/10/1988,Male,5669 3869 3796,Neela Khalsa,"7th Main Road,4th Block","Jayanagar East,Bangalore",530428,,
Chanemougam Shan,10/3/1973,Male,7901 1311 115,Madhur Trivedi,"1424,14th Main Road","1st Stage,Kumaraswamy Layout","Bangalore,530429",,
Mira Krishnan,9/3/2006,Male,96 8562 950,Nandini Kohli,"186,24th Cross","2nd Stage,Banashankari","Bangalore,530430",,
Nikhil Boase,11/1/2018,Female,0862 8644 7280  ,Abhay Desai,"16,Sri Banashankri Arcade","Opposite GSI Building,Kumaraswamy Layout","Bangalore,530431",,
Djayssen Basak,25/02/1972,Female,1888 8287 781,Gauri Nanda,"52,Dayanad Sagar College Road","Teachers Colony,Kumaraswamy Layout","Bangalore,530432",,
Lekha Sarma,7/10/1999,Male,2799 6768 7828,Jagannatha Swamy,"57,Kadirenahalli Road","Banashankari,Bangalore",530433,,
Ajith Nagy,23/04/1997,Male,9788 0747 7420  ,Chetan Jha,"2465,24th Cross","2nd Stage,Banashankari","Bangalore,530434",,
Lakshmana Lad,13/06/1977,Male,7145 5245 7288,Gopi Narasimhan,"8,Yarab Nagar Main Road","2nd Stage,Banashankari","Bangalore,530435",,
Harisha Sidhu,3/12/1999,Male,6838 6004 8653,Bhaskar Dhingra,"142/1,Surveyor Street","Gandhi Bazaar,Basavanagudi","Bangalore,530436",,
Anupama Kant,19/07/2017,Male,48 4390 9641,Chitra Muni,"32,22nd Cross","22nd Main,2nd Stage","Near BDA complex,Banashankari","Bangalore,530437",
Lutchmayah Kashyap,2/1/1977,Female,9580 708 9830,Adhik Parikh,"83/5,4th Cross. 50 Feet Road","1st Stage,Kumaraswamy Layout","Bangalore,530438",,
Kali Gulati,10/2/2019,Male,5719 0256 8962  ,Chander Shere,"615,Janardhan Mansion","32nd D Cross Road,10th C Main Road","4th Block,Jayanagar","Bangalore,530439",
Jaya Chatterjee,13/07/1993,Female,8361 9047 2245,Gobind Parsa,"1,Krishna Rao Road","Basavanagudi,Bangalore",530440,,
Dipti Palla,8/7/2010,Female,3628 1879 6638,Kirtida Lata,"476,2nd Floor","9th Cross,Avalahalli","Banashankari,Bengaluru",530441,
Chatrapatty Rama,20/04/1993,Male,0494 2448 1316  ,Darshan Kar,"13,4th Cross Road","NR Colony,Basavanagudi","Bengaluru,530442",,
Brijesha Madan,11/9/1990,Female,9230 297 5438,Chandra-Kanta Konda,"382/71/4,11th Main","3rd Block,Jayanagar","Bangalore,530443",,
Nikhila Bahl,19/11/1970,Male,5779 5923 4126  ,Mohini Sawhney,"84/1,South End Road","Basavanagudi,Bangalore",530444,,
Kailash Mukhopadhyay,11/12/2016,Female,711 9179 292,Dhananjay Chander,"11,12","80 Feet Road,Behind Reliance Fresh","Banashankri,Bangalore",530445,
Damayanti Salvi,2/2/1992,Male,4492 661 8289,Arya Purohit,"Kabirmutt Road,Gavipuram Extension","Basavanagudi,Bangalore",530446,,
Mahavira Batta,28/01/2013,Female,8921 7713 7480,Harishankar Gade,"117,Govindadappa Road","Gandhi Bazar,Basavangudi","Bangalore,530447",,
Kama Dhawan,24/05/1996,Female,8016 8587 1827,Abhilasha Sur,"Near Reliance Trends,1st Cross","3rd Phase,Banashankari","Bangalore,530448",,
Inderjit Bandi,1/9/2001,Male,2474 6944 8171  ,Kamala Baria,"38/A,Mount Joy Road","Hanumanthnagar,Behind BMS College","Banashankari,Bangalore",530449,
Devdas Nagar,30/12/1971,Male,8321 6467 9418,Damodara Majumdar,"11,Canara Bank Colony","Uttarahalli,Bangalore",530450,,
Anil Saha,27/10/1997,Male,8572 8699 8144  ,Bhavana Palla,"3/1,Bugle Rock Road","Gandhi Bazaar,Basavanagudi","Bangalore,530451",,
Jayendra Agarwal,27/11/1982,Female,1843 3399 7665,Moryl Iyer,"1832,14th Cross Road","2nd Stage,Bendre Nagar","Kumaraswamy Layout,Bangalore",530452,
Devdan Chakraborty,25/05/1971,Male,9773 5180 675,Gopika Morar,"Near Metro Station R.V.Road,Basavanagudi","Bangalore,530453",,,
Manjusha Mandal,10/12/1988,Female,760 5600 4810,Devaraja Brahmbhatt,"14/1 5 th Main 2nd Cross,Near BMS Hostel","Basavanagudi,Bangalore",530454,,
Kausalya Garde,4/6/1992,Male,7247 2319 684,Kanti Jhaveri,"139,72nd Cross","Kumaraswamy Layout,Bangalore",530455,,
Narayanin Lalla,23/05/2016,Male,2606 528 2598,Nandita Shetty,"65,Parvati Bhavan","Appu Rao Road,Chamaraj Pet","Chamarajpet,Basavanagudi","Bangalore,530456",
Kadrivel Swamy,29/08/2017,Male,8210 1118 6616,Chetan Vaidya,"32,Khaleel Plaza","Opposite Vijaya Collage,RV Road","Basavanagudi,Bangalore",530457,
Govinden Pillai,27/10/1985,Female,5563 5588 9415,Nataraj Pandit,"22,Second Main Road","7th Block,Jayanagar","Bangalore,530458",,
Harisha Doshi,7/9/2001,Female,7363 5722 7410,Jagdish Sandhu,"16,Lalitha Enterprises","Kadirenahalli Main,Bendre Nagar","Kumaraswamy Layout,Bangalore",530459,
Kessavaperoumal Loyal,7/3/1975,Female,4366 0032 6437  ,Anupam Hans,"1/72,27th Cross","Opposite To Janatha Bazar,4th Block","Jayanagar,Bangalore",530460,
Asha Barman,23/12/2014,Male,1560 4423 6483,Ankur Bhakta,"28/12/2,3rd Main Road","Mountjoy Extension,Hanumantanagar","Banashankari,Bengaluru",530461,
Neela Prashad,14/01/1998,Male,2912 5576 6587  ,Aniruddha Sachdeva,"17,Near BDA Complex","25th Cross Road,21st Main","2nd Stage,Banashankari","Bangalore,530462",
Aishwarya Mukherjee,25/10/2008,Female,1953 9222 6202,Mohini Sahota,"559,32nd Cross","10th A Main,4th Block","Jayanagar,Bangalore",530463,
Ladha Minhas,14/10/2005,Female,672 9872 1992,Dev Butala,"295,Sri Krishna Complex","10th Main,3rd Block","Jayanagar,Bangalore",530464,
Nisha Dugal,15/04/1970,Male,9842 3915 6745,Kumara Sabharwal,"12,32nd Cross","7th Block,Jayanagar","Bangalore,530465",,
Lila Krishnamurthy,14/02/1992,Male,8906 525 2015,Karna Suri,"92/1,Next to Vodafone Store","Gandhi Bazar Main Road,Basavanagudi","Bangalore,530466",,
Chandrakanta Warrior,29/04/1989,Female,25 199 4331,Arya Mallick,"16,5th B Main","KR Road,Jayanagar","Bangalore,530467",,
Mandeep Saraf,22/12/1976,Male,8086 1524 5844  ,Anand Kar,"Near National College,7th Block","Jayanagar,Bangalore",530468,,
Anandha Reddy,11/1/2002,Female,6400 1451 1536  ,Maninder Ganguly,"459/30,30th Cross","4th Block,Jayanagar","Bangalore,530469",,
Divyesh Goda,6/4/2009,Male,6821 964 547,Jayanta Dara,"998/20,Poornima Complex","First Floor,Service Road","R.P.C. Layout,Vijay Nagar","Bangalore,530470",
Devaki Ram,21/08/2008,Male,2786 6646 4882,Ilanila Hans,"2/2,Pattalamma Gudi Street","Armugam Circle,Near South End Circle","Basavanagudi,Bangalore",530471,
Carliaye Peri,22/08/2011,Male,6957 6511 6585,Aditya Grewal,"539/49,9th Cross","Kanakpura Road,7th Block","Jayanagar,Bangalore",530472,
Esha Pant,29/03/2009,Female,3214 5774 5143,Devika Oommen,"31,2nd Cross","1st Stage,Padmanabh Nagar","Kumaraswamy Layout,Bangalore",530473,
Kirtida Sampath,24/06/1983,Female,2607 4483 4774,Madhav Grewal,"32,22nd Cross","22nd Main,2nd Stage","Near BDA Complex,Banashankari","Bangalore,530474",
Ilanila Kanda,25/08/1992,Female,3136 0986 0343  ,Inderjit Jain,"115,4th Main","4th Stage,Thyagarajanagar","Near,Basavanagudi","Bangalore,530475",
Neelam Anand,12/9/1988,Female,2460 8229 5666,Appassamy Shenoy,"4 & 5,27th Cross","4th Block,Jayanagar","Bangalore,530476",,
Adhik Saini,31/03/1995,Female,8074 3134 471,Kumaren Nair,"222,100 Feet Road","Near Kathriguppe Signal,Opposite Udbav Hospital","6th Block,3rd Stage","Banashankari,Bangalore",53047
Ankur Sur,1/1/2002,Female,1716 8595 7617,Amit Choudhary,"101,Manjunatha Complex","Near BDA Complex,22nd Main","2nd Stage,Banashankari","Bangalore,530478",
Kumar Kakar,17/02/2001,Male,5388 249 7818,Kadrivel Gokhale,"44/1,Bull Temple Road","Basavanagudi,Bangalore",530479,,
Kesaven Nori,22/05/1979,Male,3205 4158 29,Devadas Parmer,"2,Chikkalsandra","Uttarahalli Main Road,Uttarahalli","Bangalore,530480",,
Kishan Grewal,10/5/2014,Female,6451 1526 3700  ,Chandi Ben,"9A Main Road,3rd Block","Jayanagar,Bangalore",530481,,
Dayanand Munshi,27/05/2011,Male,6123 749 8401,Dipaka Pal,"6,2nd Main","3rd Cross,Chamrajpet","Basavanagudi,Bangalore",530482,
Manju Mannan,17/04/2006,Male,408 9023 6528,Lal Mehta,"196,8th E Main","27th Cross,3rd Block","Suraj Plaza,Jayanagar","Bangalore,530483",
Candravali Chokshi,28/03/1980,Male,5231 5667 6445,Chiranjivi Zachariah,"54,Bull Temple Road","Basavanagudi,Bangalore",530484,,
Mira Kapadia,16/06/1994,Female,7569 4051 2223,Kishen Dhar,"487,80 Feet Road","Bank Colony,1st Stage","Banashankari,Bangalore",530485,
Ilango Minhas,18/09/1982,Female,949 9218 813,Gotama Padmanabhan,"525/2,Opposite Lacasa","10th Main,33rd Cross","4th Block,Jayanagar","Bangalore,530486",
Nil Nadkarni,16/11/2019,Female,8866 1379 8049,Asha Balasubramanian,"162,Kathreguppe Cross Road","3rd Stage,Banashankari","Bangalore,530487",,
Dalini Pal,28/04/1990,Male,6694 9492 8926  ,Chandraradj Johal,"30,Surveyor Street","DVG Road,Basavanagudi","Bangalore,530488",,
Narendra Swaminathan,14/12/2000,Female,5633 3129 2014,Om Mani,"46,80 Feet Road","3rd Stage,Banashankari","Bangalore,530489",,
Ishvara Garde,27/04/1980,Male,7967 6239 7098,Drishti Sen,"241,100 Feet Road","Opposite Eshwari Theater,3rd stage","Banashankari,Bangalore",530490,
Kirti Dar,18/05/1985,Male,2455 477 7616,Anuja Maharaj,"173,Shop 4","Ground Floor,Teachers Colony","First stage,D.S.I College Main Road","Kumaraswamy Layout,Bangalore",53049
Anantha Varkey,12/7/1997,Female,7302 6911 2314,Kessavamohane Tara,"642,14th Main","Kumaraswamy Layout,Bangalore",530492,,
Maninder Bhalla,16/08/1998,Male,3053 7320 7156,Ananth Bajaj,"1061,Gowrisutha","50 Feet Rd,1st Stage","Kumaraswamy Layout,Bangalore",530493,
Kishori Taneja,18/10/1978,Female,1310 7246 7764  ,Kadrivel Dhillon,"615/1,Janardhan Mansion","10th C Main Road,32nd D Road","4th block,Jayanagar","Bangalore,530494",
Kasi Vora,18/07/1995,Female,8174 2709 3851  ,Lallida Sura,"201,4th Main Road","Next to National Lassi Bar,Chamrajapet","Basavanagudi,Bangalore",530495,
Gitika Bhardwaj,31/08/2016,Male,5272 698 2223,Kali Ramanathan,"1771,14th Main","1st Stage,Kumaraswamy Layout","Bangalore,530496",,
Appassamy Prabhakar,27/08/2019,Female,5413 9926 3071,Arya Munshi,"75,Kanakapura Road","Vasavi Circle,V.V Puram","Basavanagudi,Bangalore",530497,
Adhita Dalal,22/06/2005,Female,2966 3416 5482  ,Lutchmayah Venkataraman,"6/1,Anjaneya Nagar","100ft Ring Road,Banashankari 3rd Stage","Banashankari,Bangalore",530498,
Ladha Lall,26/08/1989,Female,3281 207 5431,Kausalya Tara,"1080,Near Niligiris","Kumaraswamy Layout,Bangalore",530499,,
Gopal Mohanty,22/04/1975,Male,8461 7839 5025,Mohandas Varghese,"1296 1st Block,6th Stage","South Circle Banashankari,Bangalore",530500,,
Manisha Zacharia,29/01/1973,Female,4090 3408 0105  ,Kanti Doshi,"1554,11th Cross","1st Stage,Kumarswamy Layout","Near Sagar Hospital,Kumaraswamy Layout","Bangalore,530501",
Damayandi Kala,26/06/1973,Male,1892 2609 7677,Kalyana De,"Sri Ganesh Fast Food. Opposite Goli,Dayanand Sagar College Road","Kumaraswamy Layout,Bangalore",530502,,
Djagarajen Dhar,9/9/1983,Male,8306 1404 8554,Indra Kant,"Fresh Menu,Stavyah Arcade #10","3rd floor 9th Main,Opp to Daily Bread","Yarab Nagar Main Rd,Banashankari Stage II","Bengaluru- 560070.,530503",
Indrajit Sem,20/12/2010,Female,8720 5784 6200,Dayanand Narayanan,"3rd Main Rd,Arehalli","Hosakerehalli,Uttarahalli","Bangalore,530504",,
Arundhati Divan,19/05/2014,Male,4797 842 8916,Hemachandra Bhatia,"954,2nd Floor","24th Main,2nd Phase","Opposite LIC Building,JP Nagar","Bangalore,530505",
Nitin Tandon,12/1/1994,Female,8401 1530 3442  ,Dinesh Joshi,"85,7th Main Road","Nandakumar Layout,Ramanjaneya Nagar","Banashankari,Bangalore",530506,
Mira Vyas,24/11/1982,Female,1761 2349 1000,Kanilja Soni,"30,1st Main Road","Havish Nilaya,Samruddhi Enclave","Kumaraswamy Layout,Bangalore",530507,
Carma Kumar,25/02/2014,Female,8636 1800 5929  ,Damayanti Garde,"728,24th Cross","Opposite SBI Bank,1st Stage","Kumaraswamy Layout,Bangalore",530508,
Neha Kari,6/2/2004,Male,3841 4779 1110,Kashi Balakrishnan,"616/2,31st Cross","10th A Main Road,4th Block","Jayanagar,Bangalore",530509,
Devi Sen,15/09/2007,Male,7933 608 7961,Kishor Kapoor,"734,Marenahalli Rd","8th Block,Shakambari Nagar","1st Phase,Jayanagar","Bangalore,530510",
Devayanne Kunda,18/11/1972,Female,9905 6265 9468,Aditya Narayanan,"24,8th C Main","Behind Post Office,4th Block","Jayanagar,Bangalore",530511,
Manickam Bandi,14/06/2017,Male,9752 303 1872,Anandha Nori,"25/4,7th Block K.R Road","8TH Cross Opposite,HDFC Bank","Jayanagar,Bangalore",530512,
Kapila Randhawa,12/12/1976,Female,4305 2558 510,Kishor Rattan,"2,Medical College East Main Road","Kalasipalyam,Behind Bangalore Medical College","City Market,Bangalore",530513,
Kalyan Mathur,22/04/1997,Female,7718 7979 3661  ,Buddha Sahota,"215,2nd Main","Thygarajanagar,Basavanagudi","Bangalore,530514",,
Esha Sharaf,22/03/1977,Male,6680 5760 1677,Lalitha Jha,"3313,Vishwabharati Layout","80 Feet Road,Girinagar","4th Phase,Stage 3","Banashankari,Bangalore",53051
Anjali Matthai,5/3/2020,Male,852 4864 4595,Lallida Edwin,"32/2,DVG Road","Basavanagudi,Karnataka","Bangalore,530516",,
Jayant Singhal,24/05/1983,Male,543 1025 4266,Kalyana Chowdhury,"236,18th cross","2nd Main Road,Bapujinagar","Mysore Road,Bangalore",530517,
Kistna Sarna,7/8/1984,Female,5119 7751 4728,Mounoussamy Mohan,"3/1,Bugle Rock Road","Gandhi Bazaar,Basavanagudi",530518,,
Brijesh Date,11/8/2010,Male,5087 9112 2209,Lila Pillai,"99,3rd Main Road","Hanumanthnagar,Banashankari","Bangalore,530519",,
Jyotsna Mehrotra,15/04/1999,Female,3339 403 1085,Lavanya Srinivasan,"Shop 9,East Anjanaiya Temple Street","Gandhi Bazar,Basavanagudi","Bangalore,530520",,
Indu Deshpande,25/01/1987,Female,9872 8037 0416  ,Lalit Zachariah,"5 Zaina Towers,9th Main Yarab Nagar Main Road Banashankari","Bangalore,530521",,,
Aditya Dhar,23/12/2011,Female,7540 9228 4200  ,Diti Char,"Shop 97,22nd Main Road","Near Banashankari BDA complex,Banashankari Stage II","Banashankari,Bangalore",530522,
Neela Anand,7/10/1989,Female,7016 1746 3483,Dipika Chakrabarti,"203 4th Main,4th Cross","Chamrajpet,Basavanagudi","Bangalore,530523",,
Brijesha Thaman,11/11/2018,Male,6042 6011 7592,Laxmi Chopra,"942,21st Main Road","2nd Stage,Banashankari","Bangalore,530524",,
Kanchana Aggarwal,15/01/1979,Female,4268 5920 4290,Gita Dave,"Cosmopolitan Club,Ground Floor","22nd Cross,3rd Block","Jayanagar,Bengalore",530525,
Kajal Mani,24/08/1985,Male,1769 5807 5466,Manish Nair,"12/3,Market Road","V.V.puram,Basavanagudi","Bangalore,530526",,
Kailash Solanki,11/5/2007,Male,2358 208 3342,Gobind Batta,"916,1st Stage","24th Cross Road,Kumaraswamy Layout","Bangalore,530527",,
Arundhati Saxena,26/10/1981,Female,8774 872 7274,Jeetendra Iyer,"941,3rd FLOOR","21st Main,22nd Cross","Banashankari 2nd stage,Opposite to BDA complex","Banashankari,530528",
Harishankar Pandit,2/4/2009,Female,5565 9706 90,Mohandas Nazareth,"172,Ground Floor","Near Jain College,VV Puram","Basavanagudi,Bangalore",530529,
Jayanta Lala,17/12/1970,Male,4368 4822 4355  ,Aseem Shukla,"169,Subbarama Chetty Rd","NR Colony,Basavanagudi","Bangalore,530530",,
Chiranjivi Bains,1/7/1972,Female,5401 9914 2093,Kanda-Koumarane Saxena,"4,12th Cross","Kadarenahalli,2nd Stage","Banashankari,Bangalore",530531,
Djeyam Patla,23/05/2013,Male,856 8235 3050,Indu Vala,"SM Towers,Near Cosmopolitan Club","4/3/1 & 3/2,1st Floor","11th Main,Jayanagar","Bangalore,530532",
Harshal Malhotra,16/07/2014,Female,7485 8456 5301  ,Carma Doctor,"2467,24th Cross","2nd Stage,Banashankari","Bangalore,530533",,
Aruna Walia,30/11/1979,Male,6457 9234 2837,Jeetendra Char,"126/3,Uttarahalli Main Road","Sarvabouma Nagar,Chikkalasandra","Uttarahalli,Bangalore",530534,
Mayur Kota,15/11/1983,Female,8744 6225 7502,Kavi Srinivasan,"Bengaluru,Jayanagar","Bangalore,530535",,,
Anantha Muni,16/08/2012,Male,3736 2114 504,Murali Varghese,"8,1st Cross Road","Teachers Colony,Kumaraswamy Layout","Bangalore,530536",,
Harshal Mahajan,29/03/1970,Male,1892 5015 9968  ,Devdan Bassi,"30th Cross,8th Main","Near Jain Temple,4th Block","Jayanagar,Bangalore",530537,
Nilima Sarraf,15/12/1976,Female,4953 1163 9036,Chandi Parikh,"Next to Bhagwan Mahavir Jain College,V V Puram","Basavanagudi,Bangalore",530538,,
Nitia Mane,30/11/1977,Male,7060 6884 6410  ,Inderpal Bala,"The President Hotel,79/8","Diagonal Road,3rd Block","Jayanagar,Bangalore",530539,
Chandrakanta Tak,17/07/1988,Female,8967 4181 1632,Deo Datta,"G9,Ground Floor","Lucky Paradise: Next to Tayi Jewellers,22nd Cross Rd","Jayanagar East,Jaya Nagar 1st Block","Jayanagar,Bangalore",53054
Kunala Aggarwal,25/02/2015,Female,758 7609 1892,Arjun Chaudhuri,"166/A 2nd Floor,R.V Road","Above DTDC Office,V.V Puram","Near Minerva Circle,Basavanagudi","Bangalore,530541",
Laxmi Bhavsar,20/03/2000,Male,9711 4608 9032  ,Kessavaperoumal Dave,"1112,Next to KIMS Medical College","17th Cross,2nd Stage","Banashankari,Bangalore",530542,
Lekha Murthy,24/03/1970,Female,7970 6903 1380  ,Kalika Chandran,"19/49,Near National College","2nd Main,31st Cross","7th Block,Jayanagar","Bangalore,530543",
Murugan Saini,25/03/1982,Male,9138 3178 3445  ,Niraj Wagle,"523,33rd Cross","Jayanagar,Bangalore",530544,,
Om Chand,12/3/2010,Male,7941 5991 8640  ,Krishna Malhotra,"86,Shakthi Arcade","21st Main,2nd Stage","Near KIMS College and BDA Complex,Banashankari","Bangalore,530545",
Mounoussamy Dhawan,9/4/2006,Female,5288 8198 8985,Dilipa Saha,"Near Dayananda Sagar College,Teachers Colony","Kumaraswamy Layout,Bangalore",530546,,
Kalyana Lad,6/8/1988,Male,7744 1195 0441  ,Inderjit Pillai,"406,2nd Cross","Vidyapeeta Layout,Banashankri","Bangalore,530547",,
Anila Bera,24/03/2002,Male,9310 9514 8374  ,Mahesh Goda,"199/1,Ajanaya Bhavana","100 Feet Ring Road,Kathriguppe","Banashankari,Bangalore",530548,
Cooldeepac Saini,11/6/2015,Female,5696 7861 2370  ,Amrit Varkey,"266/B,7th Block","Jayanagar,Bangalore",530549,,
Chander Madan,21/10/2007,Male,1904 8700 7126,Madhuri Parsa,"Shop 66/1,4th Block","Near Maiys Hotel,33rd Cross Road","Jayanagar,Bangalore",530550,
Harshal Mody,2/4/2000,Female,9975 2782 4439  ,Nilima Gopal,"1795,Near Police Station","13th Main,Kumaraswamy Layout","Bangalore,530551",,
Bakula Patil,1/3/2004,Male,1814 1311 2619,Brijesh Dave,"42,Vani Vilas Road","Ramakrishna Ashrama Circle,Basavanagudi","Bangalore,530552",,
Carma Vig,21/02/1977,Female,8218 3308 9396,Gopika Behl,"83/1,50 Feet Main Road","Goviayanahallo,Kumaraswamy Layout","Bangalore,530553",,
Madhukar Meka,16/04/1987,Male,7349 9248 2021,Neha Anand,"89,Behind Venkateshwara Bar","Near PES College,1st Stage","Banashankari,Bangalore",530554,
Mukta Sankaran,22/02/1974,Male,8182 0007 9583  ,Gobind Kuruvilla,"1,Monotype","2nd Stage,Banashankari","Bangalore,530555",,
Gopala Chadha,1/2/1972,Female,8428 6767 2024,Narayan Mangal,"47,48 &49","3Rd Floor,21st Main Road","2nd Stage,Banashankari","Bangalore,530556",
Madhukar Bala,3/9/2001,Female,1715 8751 5774,Bharat Chakrabarti,"17,Gandhi Bazaar Main Road","Basavanagudi,Bangalore",530557,,
Gautam Sandal,18/03/2000,Female,5790 1114 6731,Bagavathy Seth,"6th Block,3rd Stage","Banashankari,Bangalore",530558,,
Amar Subramanian,18/10/1992,Male,5211 6377 407,Devdan Grover,"48,2nd Cross","Jananeshwari Layout,Thindlu","Vidyaranyapura Post,Basavanagudi","Bangalore.,530559",
Madhu Manne,25/05/1995,Male,7525 5903 3003,Anil Mahal,"101,Ground Floor","Manjunatha Complex,22nd Main Road","2nd Stage,Banashankari","Bangalore,530560",
Kajal Verma,14/02/2011,Male,3518 823 8160,Madhavi Ganesan,"160,Gandhi Bazar Main Road","Basavanagudi,Bangalore",530561,,
Nila Sahota,26/07/1993,Female,4346 4780 9115,Devaki Garg,"808/6-1,24th A Cross","K.R Road,2nd Stage","Banashankari,Bangalore",530562,
Harsha Soman,24/04/2016,Male,6487 555 8940,Madhuri Dora,"43,BDA Complex","2nd Stage,Banashankari","Bangalore,530563",,
Nalini Pal,7/8/1974,Male,9880 9128 5110  ,Nithya Meda,"18,B K Complex","Opposite To BDA Complex,21st","Main Road,2nd Stage","Banashankari,Bangalore",53056
Kalyana-ShraddhÃƒÂ¢ Mukherjee,6/6/1981,Male,4068 61 8883,Aparajita Divan,"416,24th Cross","9th Main,2nd Stage","Banashankari,Bangalore",530565,
Lavanya Goel,31/07/1972,Female,2601 4269 4831  ,Aditi Boase,"295/B,7th Main Road","100 Feet Ring Road,7th Block","3rd Stage,Banashankari","Bangalore,530566",
Dipti Rattan,21/07/2020,Female,9104 0642 3561  ,Ganesha Kaur,"57/18,12th Main","Opposite PES College,Banashankari","Bangalore,530567",,
